1.463942097474257020e-01,0.000000000000000000e+00,0.000000000000000000e+00,4.939067332080778749e-01,6.482032825085068950e-01,0.000000000000000000e+00,0.000000000000000000e+00,2.960757171026500600e+00
1.386208057525216975e-01,0.000000000000000000e+00,0.000000000000000000e+00,4.630654870178024796e-01,6.096751660022741159e-01,0.000000000000000000e+00,0.000000000000000000e+00,3.083158699838942862e+00
1.347328005361200232e-01,0.000000000000000000e+00,0.000000000000000000e+00,4.430563986968933943e-01,7.055403894851287605e-01,0.000000000000000000e+00,0.000000000000000000e+00,2.915497041358693586e+00
1.304222669639949761e-01,0.000000000000000000e+00,0.000000000000000000e+00,4.267424044989089338e-01,6.578666432825177601e-01,0.000000000000000000e+00,0.000000000000000000e+00,2.971435212380861834e+00
1.259972449490042168e-01,0.000000000000000000e+00,0.000000000000000000e+00,4.333130640816114099e-01,8.043019171868218686e-01,0.000000000000000000e+00,0.000000000000000000e+00,2.907421979834801995e+00
1.218559380867135222e-01,0.000000000000000000e+00,0.000000000000000000e+00,4.507835886065867381e-01,7.162159572808755037e-01,0.000000000000000000e+00,0.000000000000000000e+00,2.890051785957299835e+00
1.172311117465321267e-01,0.000000000000000000e+00,0.000000000000000000e+00,4.564078199872646513e-01,7.112170007876793543e-01,0.000000000000000000e+00,0.000000000000000000e+00,2.916382451147579769e+00
1.134169577807697116e-01,0.000000000000000000e+00,0.000000000000000000e+00,4.688822076163031705e-01,7.003223137335177206e-01,0.000000000000000000e+00,0.000000000000000000e+00,2.855358394514441400e+00
1.090926254545398766e-01,0.000000000000000000e+00,0.000000000000000000e+00,4.710656227770566584e-01,6.505002149270806555e-01,0.000000000000000000e+00,0.000000000000000000e+00,2.878145762538279140e+00
1.050642439384930626e-01,0.000000000000000000e+00,0.000000000000000000e+00,4.882668778722011327e-01,7.009839443886973775e-01,0.000000000000000000e+00,0.000000000000000000e+00,2.837811794328882087e+00
1.016071528661572909e-01,0.000000000000000000e+00,0.000000000000000000e+00,4.876303220253874748e-01,6.100474724886771893e-01,0.000000000000000000e+00,0.000000000000000000e+00,2.846174579741701294e+00
9.722601411216290346e-02,0.000000000000000000e+00,0.000000000000000000e+00,4.846059280413436698e-01,6.705540324918960460e-01,0.000000000000000000e+00,0.000000000000000000e+00,2.781058216586734133e+00
9.399333675270481192e-02,0.000000000000000000e+00,0.000000000000000000e+00,4.831035010442610855e-01,6.498012831110738796e-01,0.000000000000000000e+00,0.000000000000000000e+00,2.813320768165860741e+00
8.931826793033351142e-02,0.000000000000000000e+00,0.000000000000000000e+00,4.859334691484141766e-01,6.716868308271115584e-01,0.000000000000000000e+00,0.000000000000000000e+00,2.772384005604241697e+00
8.648188573383856770e-02,0.000000000000000000e+00,0.000000000000000000e+00,4.846025146702368502e-01,6.748537446739519829e-01,0.000000000000000000e+00,0.000000000000000000e+00,2.794893827212252102e+00
8.180625273518539464e-02,0.000000000000000000e+00,0.000000000000000000e+00,4.653075485806197342e-01,6.535493332718809167e-01,0.000000000000000000e+00,0.000000000000000000e+00,2.713111444472291023e+00
7.838272744564349359e-02,0.000000000000000000e+00,0.000000000000000000e+00,4.672544626801369283e-01,7.446019044650564744e-01,0.000000000000000000e+00,0.000000000000000000e+00,2.731494873413397251e+00
7.386059742360218117e-02,0.000000000000000000e+00,0.000000000000000000e+00,4.871260998313360346e-01,7.299869389550888155e-01,0.000000000000000000e+00,0.000000000000000000e+00,2.689828616331382261e+00
7.044941532740506274e-02,0.000000000000000000e+00,0.000000000000000000e+00,4.914393313166453003e-01,6.754260094744413134e-01,0.000000000000000000e+00,0.000000000000000000e+00,2.713605819514349093e+00
6.594882500776291789e-02,0.000000000000000000e+00,0.000000000000000000e+00,4.858924456811778425e-01,6.660131569947409513e-01,0.000000000000000000e+00,0.000000000000000000e+00,2.684063792809826321e+00
6.283901686824053257e-02,0.000000000000000000e+00,0.000000000000000000e+00,4.849043532681849844e-01,6.997221899745594831e-01,0.000000000000000000e+00,0.000000000000000000e+00,2.704543861612165756e+00
5.840985824877458626e-02,0.000000000000000000e+00,0.000000000000000000e+00,4.838740535534859499e-01,6.857554181749244693e-01,0.000000000000000000e+00,0.000000000000000000e+00,2.661735942099175745e+00
5.494322229061659318e-02,0.000000000000000000e+00,0.000000000000000000e+00,4.863050627627822919e-01,6.985971289385355387e-01,0.000000000000000000e+00,0.000000000000000000e+00,2.673766876784846147e+00
5.053018165348222013e-02,0.000000000000000000e+00,0.000000000000000000e+00,4.971343799149609555e-01,6.988227909327401344e-01,0.000000000000000000e+00,0.000000000000000000e+00,2.652037985957978350e+00
4.738931502983768224e-02,0.000000000000000000e+00,0.000000000000000000e+00,4.982254392549700928e-01,6.695273170227108439e-01,0.000000000000000000e+00,0.000000000000000000e+00,2.664209763011572640e+00
4.295910535180012813e-02,0.000000000000000000e+00,0.000000000000000000e+00,4.876590080562040463e-01,6.574357454736720063e-01,0.000000000000000000e+00,0.000000000000000000e+00,2.637258210232121591e+00
3.977899096186992417e-02,0.000000000000000000e+00,0.000000000000000000e+00,4.848697524099152556e-01,7.070264603694828009e-01,0.000000000000000000e+00,0.000000000000000000e+00,2.643488005325345114e+00
3.544448224197539049e-02,0.000000000000000000e+00,0.000000000000000000e+00,4.860625050786195889e-01,7.024502759014286113e-01,0.000000000000000000e+00,0.000000000000000000e+00,2.601587693148604163e+00
3.198008897370654274e-02,0.000000000000000000e+00,0.000000000000000000e+00,4.882883527770893739e-01,7.049172050126579769e-01,0.000000000000000000e+00,0.000000000000000000e+00,2.604110192642182131e+00
2.759712727231239393e-02,0.000000000000000000e+00,0.000000000000000000e+00,4.988149326541627127e-01,7.200183003225761880e-01,0.000000000000000000e+00,0.000000000000000000e+00,2.593075309369723858e+00
2.444006729128767041e-02,0.000000000000000000e+00,0.000000000000000000e+00,5.010964995544924250e-01,6.729838276179835876e-01,0.000000000000000000e+00,0.000000000000000000e+00,2.597247187087817100e+00
1.987564669559232708e-02,0.000000000000000000e+00,0.000000000000000000e+00,5.059067239758572310e-01,6.983748233653885862e-01,0.000000000000000000e+00,0.000000000000000000e+00,2.588975469184234601e+00
1.708881936427247145e-02,0.000000000000000000e+00,0.000000000000000000e+00,5.051950822394228879e-01,6.571359681447699330e-01,0.000000000000000000e+00,0.000000000000000000e+00,2.590962169627908818e+00
1.226707451304569381e-02,0.000000000000000000e+00,0.000000000000000000e+00,5.103926242568230798e-01,6.918623627093587469e-01,0.000000000000000000e+00,0.000000000000000000e+00,2.584861949060036412e+00
9.842505228211890014e-03,0.000000000000000000e+00,0.000000000000000000e+00,5.120913854014449429e-01,6.563648719415120514e-01,0.000000000000000000e+00,0.000000000000000000e+00,2.585805612797483555e+00
4.754164947477175669e-03,0.000000000000000000e+00,0.000000000000000000e+00,5.143226425785627498e-01,6.708663931716185580e-01,0.000000000000000000e+00,0.000000000000000000e+00,2.580353896046092999e+00
2.579305000668323522e-03,0.000000000000000000e+00,0.000000000000000000e+00,5.136692500237475256e-01,6.636386339480110363e-01,0.000000000000000000e+00,0.000000000000000000e+00,2.581668672118219821e+00
-2.517937444535826158e-03,0.000000000000000000e+00,0.000000000000000000e+00,5.092741422577592436e-01,6.499109793533757173e-01,0.000000000000000000e+00,0.000000000000000000e+00,2.577322608962977935e+00
-4.728306383127010848e-03,0.000000000000000000e+00,0.000000000000000000e+00,5.069396265966897852e-01,6.758597838564999183e-01,0.000000000000000000e+00,0.000000000000000000e+00,2.569650971113237592e+00
-9.770940966846868719e-03,0.000000000000000000e+00,0.000000000000000000e+00,5.011503649655535408e-01,6.655324903897451572e-01,0.000000000000000000e+00,0.000000000000000000e+00,2.556775372910835120e+00
-1.230446774098968576e-02,0.000000000000000000e+00,0.000000000000000000e+00,5.059117770948006187e-01,7.267288281984078946e-01,0.000000000000000000e+00,0.000000000000000000e+00,2.555108631287977161e+00
-1.697523769847350539e-02,0.000000000000000000e+00,0.000000000000000000e+00,4.965630153837947702e-01,6.430539670789539031e-01,0.000000000000000000e+00,0.000000000000000000e+00,2.541580684332914064e+00
-2.008868434553800347e-02,0.000000000000000000e+00,0.000000000000000000e+00,4.941410224493691383e-01,7.336717270521387890e-01,0.000000000000000000e+00,0.000000000000000000e+00,2.545443093128767043e+00
-2.418380760673737029e-02,0.000000000000000000e+00,0.000000000000000000e+00,4.858851803372443712e-01,6.761592039889454675e-01,0.000000000000000000e+00,0.000000000000000000e+00,2.524379960401469170e+00
-2.791478691286740366e-02,0.000000000000000000e+00,0.000000000000000000e+00,4.850284038075083348e-01,7.471259139762409518e-01,0.000000000000000000e+00,0.000000000000000000e+00,2.516984921197928937e+00
-3.172980472860359447e-02,0.000000000000000000e+00,0.000000000000000000e+00,4.863145312314354207e-01,7.231908962632082050e-01,0.000000000000000000e+00,0.000000000000000000e+00,2.505027372653110707e+00
-3.574862682782093543e-02,0.000000000000000000e+00,0.000000000000000000e+00,4.880237733328467442e-01,7.362177497226644052e-01,0.000000000000000000e+00,0.000000000000000000e+00,2.504165223659678308e+00
-3.947320347477089458e-02,0.000000000000000000e+00,0.000000000000000000e+00,4.926675223249137314e-01,7.337636627186817639e-01,0.000000000000000000e+00,0.000000000000000000e+00,2.504212564944508390e+00
-4.342911528504084240e-02,0.000000000000000000e+00,0.000000000000000000e+00,4.952514799604389450e-01,7.160964486753348401e-01,0.000000000000000000e+00,0.000000000000000000e+00,2.504196095398092403e+00
-4.717487377126609177e-02,0.000000000000000000e+00,0.000000000000000000e+00,4.988548922877208414e-01,7.203448403815804202e-01,0.000000000000000000e+00,0.000000000000000000e+00,2.504189583066498859e+00
-5.099969764351085233e-02,0.000000000000000000e+00,0.000000000000000000e+00,5.023229795725667746e-01,7.063323629218487554e-01,0.000000000000000000e+00,0.000000000000000000e+00,2.504273964774494043e+00
-5.475043905648672993e-02,0.000000000000000000e+00,0.000000000000000000e+00,5.060020278999205479e-01,7.035236288216858425e-01,0.000000000000000000e+00,0.000000000000000000e+00,2.504258436670661947e+00
-5.849513756617299998e-02,0.000000000000000000e+00,0.000000000000000000e+00,5.101639778201449982e-01,6.949329164946839166e-01,0.000000000000000000e+00,0.000000000000000000e+00,2.504273223810054461e+00
-6.220345330679235424e-02,0.000000000000000000e+00,0.000000000000000000e+00,5.146657952307684969e-01,6.873053330850211751e-01,0.000000000000000000e+00,0.000000000000000000e+00,2.504318639495660470e+00
-6.588794894842943395e-02,0.000000000000000000e+00,0.000000000000000000e+00,5.196977580640839145e-01,6.786440058570115674e-01,0.000000000000000000e+00,0.000000000000000000e+00,2.504314904516971918e+00
-6.953433023604339847e-02,0.000000000000000000e+00,0.000000000000000000e+00,5.253492169792426392e-01,6.690782365775954643e-01,0.000000000000000000e+00,0.000000000000000000e+00,2.504363745847824951e+00
-7.315145920495529086e-02,0.000000000000000000e+00,0.000000000000000000e+00,5.317291449402780090e-01,6.582973458442384906e-01,0.000000000000000000e+00,0.000000000000000000e+00,2.504369705176449745e+00
-7.672575242249242422e-02,0.000000000000000000e+00,0.000000000000000000e+00,5.390371459437843793e-01,6.465913706991291976e-01,0.000000000000000000e+00,0.000000000000000000e+00,2.504359573819027407e+00
-8.026129653450840562e-02,0.000000000000000000e+00,0.000000000000000000e+00,5.474367608461286894e-01,6.331275375346797629e-01,0.000000000000000000e+00,0.000000000000000000e+00,2.504447881597631209e+00
-8.374731801379671492e-02,0.000000000000000000e+00,0.000000000000000000e+00,5.569851431939347730e-01,6.179214287693214347e-01,0.000000000000000000e+00,0.000000000000000000e+00,2.504448709607475454e+00
-8.718444685665217853e-02,0.000000000000000000e+00,0.000000000000000000e+00,5.676950443020857273e-01,6.007405476641253239e-01,0.000000000000000000e+00,0.000000000000000000e+00,2.504420763729784394e+00
-9.056110624975959034e-02,0.000000000000000000e+00,0.000000000000000000e+00,5.794067496294356134e-01,5.816973572799808423e-01,0.000000000000000000e+00,0.000000000000000000e+00,2.504517650252080507e+00
-9.387727407193009743e-02,0.000000000000000000e+00,0.000000000000000000e+00,5.917659633938782138e-01,5.606345070067549896e-01,0.000000000000000000e+00,0.000000000000000000e+00,2.504522989929876875e+00
-9.712486860102884090e-02,0.000000000000000000e+00,0.000000000000000000e+00,6.043199503688349017e-01,5.384716086212151254e-01,0.000000000000000000e+00,0.000000000000000000e+00,2.504493132278860834e+00
-1.003062035725792583e-01,0.000000000000000000e+00,0.000000000000000000e+00,6.167386685166922344e-01,5.161250782163778750e-01,0.000000000000000000e+00,0.000000000000000000e+00,2.504578111916023531e+00
-1.034186286327255927e-01,0.000000000000000000e+00,0.000000000000000000e+00,6.287939879771049512e-01,4.945243191729931098e-01,0.000000000000000000e+00,0.000000000000000000e+00,2.504587174083781953e+00
-1.064701724514104525e-01,0.000000000000000000e+00,0.000000000000000000e+00,6.405213226885509981e-01,4.740553945421911441e-01,0.000000000000000000e+00,0.000000000000000000e+00,2.504561545926972776e+00
-1.094626356056973837e-01,0.000000000000000000e+00,0.000000000000000000e+00,6.522395857163666433e-01,4.552330386055352118e-01,0.000000000000000000e+00,0.000000000000000000e+00,2.504636405041140268e+00
-1.124028998199670393e-01,0.000000000000000000e+00,0.000000000000000000e+00,6.644195545313154039e-01,4.377343872734483221e-01,0.000000000000000000e+00,0.000000000000000000e+00,2.504643986311134718e+00
-1.152930214086136662e-01,0.000000000000000000e+00,0.000000000000000000e+00,6.774241973231081015e-01,4.204804087879355778e-01,0.000000000000000000e+00,0.000000000000000000e+00,2.504622068494378073e+00
-1.181355865167552227e-01,0.000000000000000000e+00,0.000000000000000000e+00,6.913910163992391666e-01,4.024532166408477663e-01,0.000000000000000000e+00,0.000000000000000000e+00,2.504692091132025844e+00
-1.209255119278477286e-01,0.000000000000000000e+00,0.000000000000000000e+00,7.061418321096755157e-01,3.832425511403514395e-01,0.000000000000000000e+00,0.000000000000000000e+00,2.504698158341727154e+00
-1.236626919526040147e-01,0.000000000000000000e+00,0.000000000000000000e+00,7.212500512808879272e-01,3.626688215294944229e-01,0.000000000000000000e+00,0.000000000000000000e+00,2.504698529401834683e+00
-1.263430394058203399e-01,0.000000000000000000e+00,0.000000000000000000e+00,7.361105991704454121e-01,3.412986893187638371e-01,0.000000000000000000e+00,0.000000000000000000e+00,2.504742069008561778e+00
-1.289670321887509685e-01,0.000000000000000000e+00,0.000000000000000000e+00,7.501151585383987186e-01,3.199251237861258090e-01,0.000000000000000000e+00,0.000000000000000000e+00,2.504749615954903863e+00
-1.315353935312077172e-01,0.000000000000000000e+00,0.000000000000000000e+00,7.627510280729868919e-01,2.994333341893208322e-01,0.000000000000000000e+00,0.000000000000000000e+00,2.504773720049198626e+00
-1.340526049787903184e-01,0.000000000000000000e+00,0.000000000000000000e+00,7.737330206348678185e-01,2.807907978088051704e-01,0.000000000000000000e+00,0.000000000000000000e+00,2.504789896981158837e+00
-1.365247479448471468e-01,0.000000000000000000e+00,0.000000000000000000e+00,7.830267499948719845e-01,2.647039352692097114e-01,0.000000000000000000e+00,0.000000000000000000e+00,2.504796838714240526e+00
-1.389589305603709524e-01,0.000000000000000000e+00,0.000000000000000000e+00,7.908301357923211983e-01,2.513614163858675643e-01,0.000000000000000000e+00,0.000000000000000000e+00,2.504843497640694139e+00
-1.413624646055993972e-01,0.000000000000000000e+00,0.000000000000000000e+00,7.974874645958398567e-01,2.406638435411015686e-01,0.000000000000000000e+00,0.000000000000000000e+00,2.504857285893807184e+00
-1.437415446408724096e-01,0.000000000000000000e+00,0.000000000000000000e+00,8.033844068223814361e-01,2.319835027657531357e-01,0.000000000000000000e+00,0.000000000000000000e+00,2.504840456977301510e+00
-1.461009186557879480e-01,0.000000000000000000e+00,0.000000000000000000e+00,8.088755732162529188e-01,2.247740960545461797e-01,0.000000000000000000e+00,0.000000000000000000e+00,2.504906666062507448e+00
-1.484437019185791962e-01,0.000000000000000000e+00,0.000000000000000000e+00,8.142311702738910251e-01,2.183231416056996832e-01,0.000000000000000000e+00,0.000000000000000000e+00,2.504920353926656240e+00
-1.507711873090680499e-01,0.000000000000000000e+00,0.000000000000000000e+00,8.196462855254341706e-01,2.121862488022180082e-01,0.000000000000000000e+00,0.000000000000000000e+00,2.504892734347476946e+00
-1.530847671012267319e-01,0.000000000000000000e+00,0.000000000000000000e+00,8.252586480286396853e-01,2.061327311387748384e-01,0.000000000000000000e+00,0.000000000000000000e+00,2.504963926942881614e+00
-1.553835460018936077e-01,0.000000000000000000e+00,0.000000000000000000e+00,8.311647104379163986e-01,1.999192626605034162e-01,0.000000000000000000e+00,0.000000000000000000e+00,2.504978334921454941e+00
-1.576681610417122459e-01,0.000000000000000000e+00,0.000000000000000000e+00,8.374402262874662828e-01,1.934557932250922097e-01,0.000000000000000000e+00,0.000000000000000000e+00,2.504951832615823104e+00
-1.599375234775712307e-01,0.000000000000000000e+00,0.000000000000000000e+00,8.441308079921072682e-01,1.866197500699537937e-01,0.000000000000000000e+00,0.000000000000000000e+00,2.505017280581402606e+00
-1.621908543384236456e-01,0.000000000000000000e+00,0.000000000000000000e+00,8.512707840593636277e-01,1.793621101846335497e-01,0.000000000000000000e+00,0.000000000000000000e+00,2.505031499097245540e+00
-1.644283631254557232e-01,0.000000000000000000e+00,0.000000000000000000e+00,8.588775754504249793e-01,1.716337096105700066e-01,0.000000000000000000e+00,0.000000000000000000e+00,2.505006719372161239e+00
-1.666476599742165998e-01,0.000000000000000000e+00,0.000000000000000000e+00,8.669425079547028457e-01,1.634139149733246921e-01,0.000000000000000000e+00,0.000000000000000000e+00,2.505067875945349964e+00
-1.688491206750049600e-01,0.000000000000000000e+00,0.000000000000000000e+00,8.754401143610877067e-01,1.546820992464634503e-01,0.000000000000000000e+00,0.000000000000000000e+00,2.505081385558160623e+00
-1.710313508776537816e-01,0.000000000000000000e+00,0.000000000000000000e+00,8.843087167403994586e-01,1.454259136987277878e-01,0.000000000000000000e+00,0.000000000000000000e+00,2.505064410722206869e+00
-1.731930999903660562e-01,0.000000000000000000e+00,0.000000000000000000e+00,8.934613679350147386e-01,1.357189747861697049e-01,0.000000000000000000e+00,0.000000000000000000e+00,2.505115398560759044e+00
-1.753345525746336508e-01,0.000000000000000000e+00,0.000000000000000000e+00,9.027906643625980276e-01,1.255722780813222639e-01,0.000000000000000000e+00,0.000000000000000000e+00,2.505128728290871631e+00
-1.774541819002796728e-01,0.000000000000000000e+00,0.000000000000000000e+00,9.121716618079813710e-01,1.151477303820567788e-01,0.000000000000000000e+00,0.000000000000000000e+00,2.505128393770800876e+00
-1.795524065045064621e-01,0.000000000000000000e+00,0.000000000000000000e+00,9.214787116881912876e-01,1.045563091172465597e-01,0.000000000000000000e+00,0.000000000000000000e+00,2.505159892861827498e+00
-1.816288972679426794e-01,0.000000000000000000e+00,0.000000000000000000e+00,9.305820551551313713e-01,9.395611354902221046e-02,0.000000000000000000e+00,0.000000000000000000e+00,2.505173477995505937e+00
-1.836838805480189019e-01,0.000000000000000000e+00,0.000000000000000000e+00,9.393566929310090963e-01,8.352976719048642307e-02,0.000000000000000000e+00,0.000000000000000000e+00,2.505187767156098477e+00
-1.857182772639398016e-01,0.000000000000000000e+00,0.000000000000000000e+00,9.476915970466527339e-01,7.334251366134529604e-02,0.000000000000000000e+00,0.000000000000000000e+00,2.505204590129321396e+00
-1.877325420788649446e-01,0.000000000000000000e+00,0.000000000000000000e+00,9.554972736804517863e-01,6.355885965649324398e-02,0.000000000000000000e+00,0.000000000000000000e+00,2.505215849166821940e+00
-1.897280364616385218e-01,0.000000000000000000e+00,0.000000000000000000e+00,9.627118795328782896e-01,5.428720374570403240e-02,0.000000000000000000e+00,0.000000000000000000e+00,2.505243033053940582e+00
-1.917059354562558604e-01,0.000000000000000000e+00,0.000000000000000000e+00,9.692964643074691855e-01,4.568416415102753703e-02,0.000000000000000000e+00,0.000000000000000000e+00,2.505259157894055733e+00
-1.936676763341691199e-01,0.000000000000000000e+00,0.000000000000000000e+00,9.752287866897630941e-01,3.779120034829418218e-02,0.000000000000000000e+00,0.000000000000000000e+00,2.505256343540620545e+00
-1.956147932502980136e-01,0.000000000000000000e+00,0.000000000000000000e+00,9.804962625933831832e-01,3.057464006737921347e-02,0.000000000000000000e+00,0.000000000000000000e+00,2.505294231347703349e+00
-1.975486978320756537e-01,0.000000000000000000e+00,0.000000000000000000e+00,9.850946651231551332e-01,2.403706029825383728e-02,0.000000000000000000e+00,0.000000000000000000e+00,2.505310189955242350e+00
-1.994708132706327353e-01,0.000000000000000000e+00,0.000000000000000000e+00,9.890314202666570242e-01,1.819310883673058016e-02,0.000000000000000000e+00,0.000000000000000000e+00,2.505295486404347294e+00
-2.013825348068840060e-01,0.000000000000000000e+00,0.000000000000000000e+00,9.923286910959364659e-01,1.305723611362620724e-02,0.000000000000000000e+00,0.000000000000000000e+00,2.505342247006330236e+00
-2.032852476797325780e-01,0.000000000000000000e+00,0.000000000000000000e+00,9.950246162437905717e-01,8.630669290991703491e-03,0.000000000000000000e+00,0.000000000000000000e+00,2.505358003225741648e+00
-2.051803080062989115e-01,0.000000000000000000e+00,0.000000000000000000e+00,9.971716176926875841e-01,4.898901167763472161e-03,0.000000000000000000e+00,0.000000000000000000e+00,2.505334609937210466e+00
-2.070690305961104261e-01,0.000000000000000000e+00,0.000000000000000000e+00,9.988330075983654632e-01,1.829960365764750786e-03,0.000000000000000000e+00,0.000000000000000000e+00,2.505387653719443719e+00
-2.089526449945577347e-01,0.000000000000000000e+00,0.000000000000000000e+00,1.000078576015843046e+00,-6.255426399230873749e-04,0.000000000000000000e+00,0.000000000000000000e+00,2.505402993786259191e+00
-2.108322520074138451e-01,0.000000000000000000e+00,0.000000000000000000e+00,1.000979585283544360e+00,-2.530692667800545949e-03,0.000000000000000000e+00,0.000000000000000000e+00,2.505380258847872632e+00
-2.127088069403314519e-01,0.000000000000000000e+00,0.000000000000000000e+00,1.001603676397385012e+00,-3.960452972892353207e-03,0.000000000000000000e+00,0.000000000000000000e+00,2.505430654155754944e+00
-2.145831117503587127e-01,0.000000000000000000e+00,0.000000000000000000e+00,1.002010445729797361e+00,-4.996223780904583342e-03,0.000000000000000000e+00,0.000000000000000000e+00,2.505445574188765789e+00
-2.164558243704932106e-01,0.000000000000000000e+00,0.000000000000000000e+00,1.002248592388768067e+00,-5.718144859670887085e-03,0.000000000000000000e+00,0.000000000000000000e+00,2.505423341256134417e+00
-2.183274600936942478e-01,0.000000000000000000e+00,0.000000000000000000e+00,1.002355073507227967e+00,-6.198334695758968456e-03,0.000000000000000000e+00,0.000000000000000000e+00,2.505471453777555091e+00
-2.201984034561851600e-01,0.000000000000000000e+00,0.000000000000000000e+00,1.002356139607448293e+00,-6.495872868615405922e-03,0.000000000000000000e+00,0.000000000000000000e+00,2.505486165716427571e+00
-2.220689379426472321e-01,0.000000000000000000e+00,0.000000000000000000e+00,1.002269705036201053e+00,-6.655185532095112856e-03,0.000000000000000000e+00,0.000000000000000000e+00,2.505472308046630570e+00
-2.239392755319128958e-01,0.000000000000000000e+00,0.000000000000000000e+00,1.002108311234769955e+00,-6.705990551032125525e-03,0.000000000000000000e+00,0.000000000000000000e+00,2.505510316189811792e+00
-2.258095865277235104e-01,0.000000000000000000e+00,0.000000000000000000e+00,1.001881994720118962e+00,-6.664943466602627625e-03,0.000000000000000000e+00,0.000000000000000000e+00,2.505493841697559176e+00
-2.276800190749382058e-01,0.000000000000000000e+00,0.000000000000000000e+00,1.001600460057315400e+00,-6.540164278540613538e-03,0.000000000000000000e+00,0.000000000000000000e+00,2.505404426393667450e+00
-2.295507082223993134e-01,0.000000000000000000e+00,0.000000000000000000e+00,1.001274252624736461e+00,-6.335927672963030666e-03,0.000000000000000000e+00,0.000000000000000000e+00,2.505243384564421305e+00
-2.314217807055215237e-01,0.000000000000000000e+00,0.000000000000000000e+00,1.000914974636420096e+00,-6.057265602962972131e-03,0.000000000000000000e+00,0.000000000000000000e+00,2.505019470939344295e+00
-2.332933512905117079e-01,0.000000000000000000e+00,0.000000000000000000e+00,1.000534847439876307e+00,-5.712334218933439421e-03,0.000000000000000000e+00,0.000000000000000000e+00,2.504741468190620157e+00
-2.351655185002992920e-01,0.000000000000000000e+00,0.000000000000000000e+00,1.000145997720567781e+00,-5.312593841427156252e-03,0.000000000000000000e+00,0.000000000000000000e+00,2.504419191741748207e+00
-2.370383597298894585e-01,0.000000000000000000e+00,0.000000000000000000e+00,9.997597340218349338e-01,-4.872048850256156631e-03,0.000000000000000000e+00,0.000000000000000000e+00,2.504063645272363914e+00
-2.389119278176748407e-01,0.000000000000000000e+00,0.000000000000000000e+00,9.993859561465815444e-01,-4.405815721933378955e-03,0.000000000000000000e+00,0.000000000000000000e+00,2.503686588267901580e+00
-2.407862505173377632e-01,0.000000000000000000e+00,0.000000000000000000e+00,9.990327500713467312e-01,-3.929039267049010999e-03,0.000000000000000000e+00,0.000000000000000000e+00,2.503299827704557945e+00
-2.426613318355253790e-01,0.000000000000000000e+00,0.000000000000000000e+00,9.987061828702884503e-01,-3.455870244192761273e-03,0.000000000000000000e+00,0.000000000000000000e+00,2.502914481920287759e+00
-2.445371545602683938e-01,0.000000000000000000e+00,0.000000000000000000e+00,9.984102871857520878e-01,-2.998629819096123444e-03,0.000000000000000000e+00,0.000000000000000000e+00,2.502540374029114112e+00
-2.464136836485922577e-01,0.000000000000000000e+00,0.000000000000000000e+00,9.981472008315688260e-01,-2.567277567646921409e-03,0.000000000000000000e+00,0.000000000000000000e+00,2.502185617293635644e+00
-2.482908702450838667e-01,0.000000000000000000e+00,0.000000000000000000e+00,9.979174133920138967e-01,-2.169193631174171771e-03,0.000000000000000000e+00,0.000000000000000000e+00,2.501856398013298843e+00
-2.501686559540924892e-01,0.000000000000000000e+00,0.000000000000000000e+00,9.977200714404030890e-01,-1.809211486585210298e-03,0.000000000000000000e+00,0.000000000000000000e+00,2.501556936843804202e+00
-2.520469769023765960e-01,0.000000000000000000e+00,0.000000000000000000e+00,9.975533032637475817e-01,-1.489818657910338580e-03,0.000000000000000000e+00,0.000000000000000000e+00,2.501289597605310000e+00
-2.539257672766334628e-01,0.000000000000000000e+00,0.000000000000000000e+00,9.974145342518199175e-01,-1.211469109803999834e-03,0.000000000000000000e+00,0.000000000000000000e+00,2.501055106402141348e+00
-2.558049622210658014e-01,0.000000000000000000e+00,0.000000000000000000e+00,9.973007720904929485e-01,-9.729678482602585133e-04,0.000000000000000000e+00,0.000000000000000000e+00,2.500852836686006331e+00
-2.576845000830411681e-01,0.000000000000000000e+00,0.000000000000000000e+00,9.972088479864155142e-01,-7.718851736583450147e-04,0.000000000000000000e+00,0.000000000000000000e+00,2.500681120554546943e+00
-2.595643240186498724e-01,0.000000000000000000e+00,0.000000000000000000e+00,9.971356074169048789e-01,-6.049566561384148947e-04,0.000000000000000000e+00,0.000000000000000000e+00,2.500537554356419445e+00
-2.614443829924310014e-01,0.000000000000000000e+00,0.000000000000000000e+00,9.970780503984342236e-01,-4.684368952718169390e-04,0.000000000000000000e+00,0.000000000000000000e+00,2.500419278469867113e+00
-2.633246322478502988e-01,0.000000000000000000e+00,0.000000000000000000e+00,9.970334257105426534e-01,-3.583924947447296341e-04,0.000000000000000000e+00,0.000000000000000000e+00,2.500323217459558656e+00
-2.652050333578011010e-01,0.000000000000000000e+00,0.000000000000000000e+00,9.969992857786073026e-01,-2.709315327369428558e-04,0.000000000000000000e+00,0.000000000000000000e+00,2.500246273498357930e+00
-2.670855539686626257e-01,0.000000000000000000e+00,0.000000000000000000e+00,9.969735097676042379e-01,-2.023717185479749362e-04,0.000000000000000000e+00,0.000000000000000000e+00,2.500185471575673724e+00
-2.689661673362386263e-01,0.000000000000000000e+00,0.000000000000000000e+00,9.969543025276064174e-01,-1.493519991460582751e-04,0.000000000000000000e+00,0.000000000000000000e+00,2.500138059737580409e+00
-2.708468517343673443e-01,0.000000000000000000e+00,0.000000000000000000e+00,9.969401765813497018e-01,-1.088952191290341388e-04,0.000000000000000000e+00,0.000000000000000000e+00,2.500101570223310699e+00
-2.727275898029036250e-01,0.000000000000000000e+00,0.000000000000000000e+00,9.969299234261791431e-01,-7.843172883867784119e-05,0.000000000000000000e+00,0.000000000000000000e+00,2.500073848257399867e+00
-2.746083678885483104e-01,0.000000000000000000e+00,0.000000000000000000e+00,9.969225792175907541e-01,-5.579424607373558115e-05,0.000000000000000000e+00,0.000000000000000000e+00,2.500053056330775458e+00
-2.764891754171963645e-01,0.000000000000000000e+00,0.000000000000000000e+00,9.969173886590070310e-01,-3.919307415976902630e-05,0.000000000000000000e+00,0.000000000000000000e+00,2.500037660671056816e+00
-2.783700043219848874e-01,0.000000000000000000e+00,0.000000000000000000e+00,9.969137698099266309e-01,-2.717908650180807494e-05,0.000000000000000000e+00,0.000000000000000000e+00,2.500026406176901528e+00
-2.802508485394475390e-01,0.000000000000000000e+00,0.000000000000000000e+00,9.969112815918880210e-01,-1.860038833420674218e-05,0.000000000000000000e+00,0.000000000000000000e+00,2.500018284373749289e+00
-2.821317035782395233e-01,0.000000000000000000e+00,0.000000000000000000e+00,9.969095950118217475e-01,-1.255726317499039631e-05,0.000000000000000000e+00,0.000000000000000000e+00,2.500012499047797210e+00
-2.840125661595176987e-01,0.000000000000000000e+00,0.000000000000000000e+00,9.969084685313263083e-01,-8.358716328421186340e-06,0.000000000000000000e+00,0.000000000000000000e+00,2.500008431996800340e+00
-2.858934339242034661e-01,0.000000000000000000e+00,0.000000000000000000e+00,9.969077275857228804e-01,-5.482702969151395397e-06,0.000000000000000000e+00,0.000000000000000000e+00,2.500005611071411948e+00
-2.877743051997609935e-01,0.000000000000000000e+00,0.000000000000000000e+00,9.969072479830554112e-01,-3.541131936728447574e-06,0.000000000000000000e+00,0.000000000000000000e+00,2.500003681168831093e+00
-2.896551788179301257e-01,0.000000000000000000e+00,0.000000000000000000e+00,9.969069427578578502e-01,-2.250051574925748725e-06,0.000000000000000000e+00,0.000000000000000000e+00,2.500002379367588290e+00
-2.915360539749579649e-01,0.000000000000000000e+00,0.000000000000000000e+00,9.969067519845958847e-01,-1.404965577596802537e-06,0.000000000000000000e+00,0.000000000000000000e+00,2.500001513966224387e+00
-2.934169301263931939e-01,0.000000000000000000e+00,0.000000000000000000e+00,9.969066350447830516e-01,-8.609195703238962249e-07,0.000000000000000000e+00,0.000000000000000000e+00,2.500000947401608276e+00
-2.952978069093386559e-01,0.000000000000000000e+00,0.000000000000000000e+00,9.969065648707660099e-01,-5.168021462864658260e-07,0.000000000000000000e+00,0.000000000000000000e+00,2.500000582379862113e+00
-2.971786840859367285e-01,0.000000000000000000e+00,0.000000000000000000e+00,9.969065237418324177e-01,-3.032272144191476379e-07,0.000000000000000000e+00,0.000000000000000000e+00,2.500000351149602285e+00
-2.990595615030031129e-01,0.000000000000000000e+00,0.000000000000000000e+00,9.969065002712992341e-01,-1.733667878767164640e-07,0.000000000000000000e+00,0.000000000000000000e+00,2.500000207301545263e+00
-3.009404390636979953e-01,0.000000000000000000e+00,0.000000000000000000e+00,9.969064872876963745e-01,-9.615198311034115979e-08,0.000000000000000000e+00,0.000000000000000000e+00,2.500000119628127404e+00
-3.028213167080013313e-01,0.000000000000000000e+00,0.000000000000000000e+00,9.969064803732701208e-01,-5.132187998431921923e-08,0.000000000000000000e+00,0.000000000000000000e+00,2.500000067455476760e+00
-3.047021943994451254e-01,0.000000000000000000e+00,0.000000000000000000e+00,9.969064768763031825e-01,-2.587779007967583099e-08,0.000000000000000000e+00,0.000000000000000000e+00,2.500000037378398599e+00
-3.065830721162302042e-01,0.000000000000000000e+00,0.000000000000000000e+00,9.969064752587890599e-01,-1.158092449789668024e-08,0.000000000000000000e+00,0.000000000000000000e+00,2.500000020941315793e+00
-3.084639498453609074e-01,0.000000000000000000e+00,0.000000000000000000e+00,9.969064746781854947e-01,-3.206685453468101971e-09,0.000000000000000000e+00,0.000000000000000000e+00,2.500000013060359461e+00
-3.103448275787880628e-01,0.000000000000000000e+00,0.000000000000000000e+00,9.969064747316320751e-01,2.673348144336765742e-09,0.000000000000000000e+00,0.000000000000000000e+00,2.500000010932220018e+00
-3.122257053107762581e-01,0.000000000000000000e+00,0.000000000000000000e+00,9.969064753140128854e-01,8.561887661073796665e-09,0.000000000000000000e+00,0.000000000000000000e+00,2.500000013492586159e+00
-3.141065830359396349e-01,0.000000000000000000e+00,0.000000000000000000e+00,9.969064765587696275e-01,1.669824143846199520e-08,0.000000000000000000e+00,0.000000000000000000e+00,2.500000020926605782e+00
-3.159874607475086639e-01,0.000000000000000000e+00,0.000000000000000000e+00,9.969064788442540959e-01,2.962334714122031882e-08,0.000000000000000000e+00,0.000000000000000000e+00,2.500000034659977555e+00
-3.178683384355051045e-01,0.000000000000000000e+00,0.000000000000000000e+00,9.969064828600540107e-01,5.073764633323208585e-08,0.000000000000000000e+00,0.000000000000000000e+00,2.500000057521988950e+00
-3.197492160844754849e-01,0.000000000000000000e+00,0.000000000000000000e+00,9.969064897380870427e-01,8.493731692501190844e-08,0.000000000000000000e+00,0.000000000000000000e+00,2.500000094102614145e+00
-3.216300936704220015e-01,0.000000000000000000e+00,0.000000000000000000e+00,9.969065012624416244e-01,1.394073519378480363e-07,0.000000000000000000e+00,0.000000000000000000e+00,2.500000151343719779e+00
-3.235109711565037349e-01,0.000000000000000000e+00,0.000000000000000000e+00,9.969065201806720511e-01,2.246537258088210704e-07,0.000000000000000000e+00,0.000000000000000000e+00,2.500000239391235723e+00
-3.253918484870129135e-01,0.000000000000000000e+00,0.000000000000000000e+00,9.969065506479317662e-01,3.558573595678164375e-07,0.000000000000000000e+00,0.000000000000000000e+00,2.500000372768784285e+00
-3.272727255790239265e-01,0.000000000000000000e+00,0.000000000000000000e+00,9.969065988447152193e-01,5.546409084307886820e-07,0.000000000000000000e+00,0.000000000000000000e+00,2.500000571934458460e+00
-3.291536023109637998e-01,0.000000000000000000e+00,0.000000000000000000e+00,9.969066738186971310e-01,8.513437059557797405e-07,0.000000000000000000e+00,0.000000000000000000e+00,2.500000865253265925e+00
-3.310344785072314444e-01,0.000000000000000000e+00,0.000000000000000000e+00,9.969067886105340559e-01,1.287898498697851853e-06,0.000000000000000000e+00,0.000000000000000000e+00,2.500001291471495968e+00
-3.329153539178401067e-01,0.000000000000000000e+00,0.000000000000000000e+00,9.969069617310875042e-01,1.921390140916893849e-06,0.000000000000000000e+00,0.000000000000000000e+00,2.500001902743934412e+00
-3.347962281919344973e-01,0.000000000000000000e+00,0.000000000000000000e+00,9.969072190620760221e-01,2.828355545799373251e-06,0.000000000000000000e+00,0.000000000000000000e+00,2.500002768266563979e+00
-3.366771008439122248e-01,0.000000000000000000e+00,0.000000000000000000e+00,9.969075962520835832e-01,4.109851901266854487e-06,0.000000000000000000e+00,0.000000000000000000e+00,2.500003978458391174e+00
-3.385579712109073047e-01,0.000000000000000000e+00,0.000000000000000000e+00,9.969081416723215572e-01,5.897262226118490846e-06,0.000000000000000000e+00,0.000000000000000000e+00,2.500005649676901420e+00
-3.404388384005494483e-01,0.000000000000000000e+00,0.000000000000000000e+00,9.969089199772331877e-01,8.358705233675324905e-06,0.000000000000000000e+00,0.000000000000000000e+00,2.500007929310010812e+00
-3.423197012281856133e-01,0.000000000000000000e+00,0.000000000000000000e+00,9.969100162793008701e-01,1.170578288303876919e-05,0.000000000000000000e+00,0.000000000000000000e+00,2.500011001066970273e+00
-3.442005581430908623e-01,0.000000000000000000e+00,0.000000000000000000e+00,9.969115408938772349e-01,1.620026604454001971e-05,0.000000000000000000e+00,0.000000000000000000e+00,2.500015090031081577e+00
-3.460814071438077510e-01,0.000000000000000000e+00,0.000000000000000000e+00,9.969136345387979992e-01,2.216019670444306254e-05,0.000000000000000000e+00,0.000000000000000000e+00,2.500020467042907590e+00
-3.479622456839434053e-01,0.000000000000000000e+00,0.000000000000000000e+00,9.969164737823741351e-01,2.996471074371953767e-05,0.000000000000000000e+00,0.000000000000000000e+00,2.500027451761823727e+00
-3.498430705714330458e-01,0.000000000000000000e+00,0.000000000000000000e+00,9.969202764132799599e-01,4.005660108198583148e-05,0.000000000000000000e+00,0.000000000000000000e+00,2.500036413690132964e+00
-3.517238778659687037e-01,0.000000000000000000e+00,0.000000000000000000e+00,9.969253062541585386e-01,5.294134880950688600e-05,0.000000000000000000e+00,0.000000000000000000e+00,2.500047770218477794e+00
-3.536046627804339537e-01,0.000000000000000000e+00,0.000000000000000000e+00,9.969318767775103840e-01,6.918130204084605643e-05,0.000000000000000000e+00,0.000000000000000000e+00,2.500061980745217127e+00
-3.554854195935903127e-01,0.000000000000000000e+00,0.000000000000000000e+00,9.969403527447620039e-01,8.938395665701649750e-05,0.000000000000000000e+00,0.000000000000000000e+00,2.500079535842448131e+00
-3.573661415843031874e-01,0.000000000000000000e+00,0.000000000000000000e+00,9.969511489906793811e-01,1.141834859842324177e-04,0.000000000000000000e+00,0.000000000000000000e+00,2.500100940606597710e+00
-3.592468210019040264e-01,0.000000000000000000e+00,0.000000000000000000e+00,9.969647253830223876e-01,1.442143501878471838e-04,0.000000000000000000e+00,0.000000000000000000e+00,2.500126691680943480e+00
-3.611274490888707334e-01,0.000000000000000000e+00,0.000000000000000000e+00,9.969815768894055852e-01,1.800755181536336060e-04,0.000000000000000000e+00,0.000000000000000000e+00,2.500157247836400476e+00
-3.630080161676902950e-01,0.000000000000000000e+00,0.000000000000000000e+00,9.970022176930460889e-01,2.222850182319528029e-04,0.000000000000000000e+00,0.000000000000000000e+00,2.500192994316218442e+00
-3.648885117983025617e-01,0.000000000000000000e+00,0.000000000000000000e+00,9.970271586092611660e-01,2.712274387421824201e-04,0.000000000000000000e+00,0.000000000000000000e+00,2.500234201604556450e+00
-3.667689250161333403e-01,0.000000000000000000e+00,0.000000000000000000e+00,9.970568776711528081e-01,3.270988608137297094e-04,0.000000000000000000e+00,0.000000000000000000e+00,2.500280980721837132e+00
-3.686492446712625326e-01,0.000000000000000000e+00,0.000000000000000000e+00,9.970917843471216457e-01,3.898516012493521499e-04,0.000000000000000000e+00,0.000000000000000000e+00,2.500333238726653029e+00
-3.705294598832448161e-01,0.000000000000000000e+00,0.000000000000000000e+00,9.971321781655124727e-01,4.591380869040288348e-04,0.000000000000000000e+00,0.000000000000000000e+00,2.500390638971158097e+00
-3.724095605873027348e-01,0.000000000000000000e+00,0.000000000000000000e+00,9.971782030061949742e-01,5.342574621171655019e-04,0.000000000000000000e+00,0.000000000000000000e+00,2.500452569768218947e+00
-3.742895381103311658e-01,0.000000000000000000e+00,0.000000000000000000e+00,9.972297998591551638e-01,6.141207972570583403e-04,0.000000000000000000e+00,0.000000000000000000e+00,2.500518124878616355e+00
-3.761693857413780928e-01,0.000000000000000000e+00,0.000000000000000000e+00,9.972866632096063499e-01,6.972546714681490026e-04,0.000000000000000000e+00,0.000000000000000000e+00,2.500586101513909032e+00
-3.780490993342494055e-01,0.000000000000000000e+00,0.000000000000000000e+00,9.973482072602706250e-01,7.818430457976195506e-04,0.000000000000000000e+00,0.000000000000000000e+00,2.500655024593870568e+00
-3.799286779637613964e-01,0.000000000000000000e+00,0.000000000000000000e+00,9.974135463564783866e-01,8.657827389580824949e-04,0.000000000000000000e+00,0.000000000000000000e+00,2.500723203445965659e+00
-3.818081244778392391e-01,0.000000000000000000e+00,0.000000000000000000e+00,9.974814917676740889e-01,9.467435670393786664e-04,0.000000000000000000e+00,0.000000000000000000e+00,2.500788817324819835e+00
-3.836874456566807257e-01,0.000000000000000000e+00,0.000000000000000000e+00,9.975505692531938529e-01,1.022279672223979459e-03,0.000000000000000000e+00,0.000000000000000000e+00,2.500850018078555337e+00
-3.855666519208129084e-01,0.000000000000000000e+00,0.000000000000000000e+00,9.976190674159329808e-01,1.090048709123721043e-03,0.000000000000000000e+00,0.000000000000000000e+00,2.500905044637184549e+00
-3.874457569762655984e-01,0.000000000000000000e+00,0.000000000000000000e+00,9.976851252016267768e-01,1.148086588868129808e-03,0.000000000000000000e+00,0.000000000000000000e+00,2.500952355284352446e+00
-3.893247777209433158e-01,0.000000000000000000e+00,0.000000000000000000e+00,9.977468507073212756e-01,1.194969426825925668e-03,0.000000000000000000e+00,0.000000000000000000e+00,2.500990771029530713e+00
-3.912037338242654871e-01,0.000000000000000000e+00,0.000000000000000000e+00,9.978024471494936209e-01,1.229829777842823563e-03,0.000000000000000000e+00,0.000000000000000000e+00,2.501019581200146558e+00
-3.930826461288391971e-01,0.000000000000000000e+00,0.000000000000000000e+00,9.978503295112524096e-01,1.252326457520898774e-03,0.000000000000000000e+00,0.000000000000000000e+00,2.501038540160548607e+00
-3.949615341489999820e-01,0.000000000000000000e+00,0.000000000000000000e+00,9.978892402373937820e-01,1.262841708967397817e-03,0.000000000000000000e+00,0.000000000000000000e+00,2.501047742494574511e+00
-3.968404147829550643e-01,0.000000000000000000e+00,0.000000000000000000e+00,9.979183674156190120e-01,1.262610539739779728e-03,0.000000000000000000e+00,0.000000000000000000e+00,2.501048348486602180e+00
-3.987193043889551980e-01,0.000000000000000000e+00,0.000000000000000000e+00,9.979374073853128913e-01,1.253192137549450323e-03,0.000000000000000000e+00,0.000000000000000000e+00,2.501043388240408838e+00
-4.005982210343108640e-01,0.000000000000000000e+00,0.000000000000000000e+00,9.979464749532556134e-01,1.235351783573540238e-03,0.000000000000000000e+00,0.000000000000000000e+00,2.501045745598255987e+00
-4.024771828821265829e-01,0.000000000000000000e+00,0.000000000000000000e+00,9.979458509441065939e-01,1.208362545262910061e-03,0.000000000000000000e+00,0.000000000000000000e+00,2.501043444757582002e+00
-4.043562039605864133e-01,0.000000000000000000e+00,0.000000000000000000e+00,9.979357251564656694e-01,1.171010233695545010e-03,0.000000000000000000e+00,0.000000000000000000e+00,2.501037955077122010e+00
-4.062352952053487898e-01,0.000000000000000000e+00,0.000000000000000000e+00,9.979161156348840267e-01,1.123168944274558195e-03,0.000000000000000000e+00,0.000000000000000000e+00,2.501040693622302413e+00
-4.081144754439480216e-01,0.000000000000000000e+00,0.000000000000000000e+00,9.978869066333999616e-01,1.065336494870455439e-03,0.000000000000000000e+00,0.000000000000000000e+00,2.501038285973646413e+00
-4.099937781662852943e-01,0.000000000000000000e+00,0.000000000000000000e+00,9.978477536610155241e-01,9.961151509064217983e-04,0.000000000000000000e+00,0.000000000000000000e+00,2.501032656287954570e+00
-4.118732386482090724e-01,0.000000000000000000e+00,0.000000000000000000e+00,9.977978432794932795e-01,9.115826125787172178e-04,0.000000000000000000e+00,0.000000000000000000e+00,2.501035644908883526e+00
-4.137528727369151893e-01,0.000000000000000000e+00,0.000000000000000000e+00,9.977359775297851563e-01,8.098574809584845003e-04,0.000000000000000000e+00,0.000000000000000000e+00,2.501033016988509328e+00
-4.156326793318965152e-01,0.000000000000000000e+00,0.000000000000000000e+00,9.976613593014038717e-01,6.963298584412790874e-04,0.000000000000000000e+00,0.000000000000000000e+00,2.501027258440016166e+00
-4.175126758650845038e-01,0.000000000000000000e+00,0.000000000000000000e+00,9.975745311658132941e-01,5.804954452422231813e-04,0.000000000000000000e+00,0.000000000000000000e+00,2.501030407262708088e+00
-4.193929147489851017e-01,0.000000000000000000e+00,0.000000000000000000e+00,9.974773653349846558e-01,4.656955341022475290e-04,0.000000000000000000e+00,0.000000000000000000e+00,2.501027785824340377e+00
-4.212734297787963378e-01,0.000000000000000000e+00,0.000000000000000000e+00,9.973720948440365497e-01,3.471352461771222962e-04,0.000000000000000000e+00,0.000000000000000000e+00,2.501022163269621235e+00
-4.231541673133006887e-01,0.000000000000000000e+00,0.000000000000000000e+00,9.972610861732977838e-01,2.268988826422222859e-04,0.000000000000000000e+00,0.000000000000000000e+00,2.501024777583919168e+00
-4.250350196187561158e-01,0.000000000000000000e+00,0.000000000000000000e+00,9.971485168434631730e-01,1.272818194170828826e-04,0.000000000000000000e+00,0.000000000000000000e+00,2.501022362394257570e+00
-4.269159551237287631e-01,0.000000000000000000e+00,0.000000000000000000e+00,9.970419660685079233e-01,7.489573056290038406e-05,0.000000000000000000e+00,0.000000000000000000e+00,2.501017177042052619e+00
-4.287970550330417185e-01,0.000000000000000000e+00,0.000000000000000000e+00,9.969505338567905550e-01,6.683097582573793174e-05,0.000000000000000000e+00,0.000000000000000000e+00,2.501018977601714877e+00
-4.306783331933471959e-01,0.000000000000000000e+00,0.000000000000000000e+00,9.968801471963896210e-01,6.984327977409781176e-05,0.000000000000000000e+00,0.000000000000000000e+00,2.501019713689152990e+00
-4.325595653670248342e-01,0.000000000000000000e+00,0.000000000000000000e+00,9.968318252031432847e-01,7.001953046787675944e-05,0.000000000000000000e+00,0.000000000000000000e+00,2.501032631423152353e+00
-4.344404741251206570e-01,0.000000000000000000e+00,0.000000000000000000e+00,9.968060236804782148e-01,1.049776305479828404e-04,0.000000000000000000e+00,0.000000000000000000e+00,2.501082561572094409e+00
-4.363211306424314428e-01,0.000000000000000000e+00,0.000000000000000000e+00,9.968065731075084202e-01,2.086965027006706637e-04,0.000000000000000000e+00,0.000000000000000000e+00,2.501118952327626932e+00
-4.382019396449263748e-01,0.000000000000000000e+00,0.000000000000000000e+00,9.968354415101354782e-01,3.289161757687727528e-04,0.000000000000000000e+00,0.000000000000000000e+00,2.501147995500473176e+00
-4.400830311498851732e-01,0.000000000000000000e+00,0.000000000000000000e+00,9.968826081710326914e-01,3.591699170215176436e-04,0.000000000000000000e+00,0.000000000000000000e+00,2.501185987306148828e+00
-4.419639054930378230e-01,0.000000000000000000e+00,0.000000000000000000e+00,9.969273548477720626e-01,2.859183073660413873e-04,0.000000000000000000e+00,0.000000000000000000e+00,2.501207180849283507e+00
-4.438441255367447380e-01,0.000000000000000000e+00,0.000000000000000000e+00,9.969554218143505953e-01,2.364785519535436155e-04,0.000000000000000000e+00,0.000000000000000000e+00,2.501208113852846360e+00
-4.457242368718218883e-01,0.000000000000000000e+00,0.000000000000000000e+00,9.969709197406660950e-01,3.010847789935530597e-04,0.000000000000000000e+00,0.000000000000000000e+00,2.501185143613166240e+00
-4.476052712253312249e-01,0.000000000000000000e+00,0.000000000000000000e+00,9.969827375207265252e-01,3.590927203988175144e-04,0.000000000000000000e+00,0.000000000000000000e+00,2.501185985155061076e+00
-4.494871350128176735e-01,0.000000000000000000e+00,0.000000000000000000e+00,9.969815350566648693e-01,2.223383037223434838e-04,0.000000000000000000e+00,0.000000000000000000e+00,2.501210554838642519e+00
-4.513683980426971276e-01,0.000000000000000000e+00,0.000000000000000000e+00,9.969453539264924169e-01,-4.279691756747667206e-05,0.000000000000000000e+00,0.000000000000000000e+00,2.501200298034224279e+00
-4.532484138202257928e-01,0.000000000000000000e+00,0.000000000000000000e+00,9.968746900832068381e-01,-1.290934049632973984e-04,0.000000000000000000e+00,0.000000000000000000e+00,2.501170480323638756e+00
-4.551287520111978457e-01,0.000000000000000000e+00,0.000000000000000000e+00,9.968059968376994373e-01,6.972759783412387185e-05,0.000000000000000000e+00,0.000000000000000000e+00,2.501188337148268381e+00
-4.570110715243391741e-01,0.000000000000000000e+00,0.000000000000000000e+00,9.967723839430852051e-01,2.280124805527587305e-04,0.000000000000000000e+00,0.000000000000000000e+00,2.501206310915256026e+00
-4.588941247422304581e-01,0.000000000000000000e+00,0.000000000000000000e+00,9.967597200035738236e-01,3.698533286138183510e-05,0.000000000000000000e+00,0.000000000000000000e+00,2.501188046185984337e+00
-4.607750553546687833e-01,0.000000000000000000e+00,0.000000000000000000e+00,9.967290240437811644e-01,-2.587026760931957826e-04,0.000000000000000000e+00,0.000000000000000000e+00,2.501198848773458216e+00
-4.626539390807393182e-01,0.000000000000000000e+00,0.000000000000000000e+00,9.966826559673671593e-01,-1.520780894899330317e-04,0.000000000000000000e+00,0.000000000000000000e+00,2.501266448878111337e+00
-4.645343462659025646e-01,0.000000000000000000e+00,0.000000000000000000e+00,9.966732886094215038e-01,3.107852341385118015e-04,0.000000000000000000e+00,0.000000000000000000e+00,2.501274765543105794e+00
-4.664178670673332361e-01,0.000000000000000000e+00,0.000000000000000000e+00,9.967280004212826228e-01,4.833060779237523816e-04,0.000000000000000000e+00,0.000000000000000000e+00,2.501211378152478293e+00
-4.683009126939997602e-01,0.000000000000000000e+00,0.000000000000000000e+00,9.967945531172839324e-01,8.714408669276233485e-05,0.000000000000000000e+00,0.000000000000000000e+00,2.501245213217663022e+00
-4.701800232567412974e-01,0.000000000000000000e+00,0.000000000000000000e+00,9.968037209144096078e-01,-2.785238308767526839e-04,0.000000000000000000e+00,0.000000000000000000e+00,2.501359011631713258e+00
-4.720579811863650499e-01,0.000000000000000000e+00,0.000000000000000000e+00,9.967650147848275966e-01,-2.944569041915203909e-05,0.000000000000000000e+00,0.000000000000000000e+00,2.501320830305611587e+00
-4.739399766959533356e-01,0.000000000000000000e+00,0.000000000000000000e+00,9.967506505181993326e-01,4.359792367497069914e-04,0.000000000000000000e+00,0.000000000000000000e+00,2.501192804278124626e+00
-4.758249118550515466e-01,0.000000000000000000e+00,0.000000000000000000e+00,9.967841501526708559e-01,3.285963778110218979e-04,0.000000000000000000e+00,0.000000000000000000e+00,2.501262734626598316e+00
-4.777066401083164826e-01,0.000000000000000000e+00,0.000000000000000000e+00,9.968016037704163779e-01,-2.389811093419425447e-04,0.000000000000000000e+00,0.000000000000000000e+00,2.501365563844796025e+00
-4.795842681606264368e-01,0.000000000000000000e+00,0.000000000000000000e+00,9.967503576448663027e-01,-4.028901079385603656e-04,0.000000000000000000e+00,0.000000000000000000e+00,2.501296417010619777e+00
-4.814640594987847910e-01,0.000000000000000000e+00,0.000000000000000000e+00,9.966719640776247058e-01,4.111512831170673413e-05,0.000000000000000000e+00,0.000000000000000000e+00,2.501179581354664005e+00
-4.833487030610585378e-01,0.000000000000000000e+00,0.000000000000000000e+00,9.966438358622218274e-01,3.228683862223155491e-04,0.000000000000000000e+00,0.000000000000000000e+00,2.501280726654283360e+00
-4.852323845197719088e-01,0.000000000000000000e+00,0.000000000000000000e+00,9.966706598670801442e-01,2.187735156735965032e-05,0.000000000000000000e+00,0.000000000000000000e+00,2.501372212533100825e+00
-4.871109996531350905e-01,0.000000000000000000e+00,0.000000000000000000e+00,9.966917893898949998e-01,-2.621760534713973726e-04,0.000000000000000000e+00,0.000000000000000000e+00,2.501261859222686290e+00
-4.889896115964657564e-01,0.000000000000000000e+00,0.000000000000000000e+00,9.966791113032099636e-01,-2.824904706550075489e-05,0.000000000000000000e+00,0.000000000000000000e+00,2.501226077302853401e+00
-4.908731298860353753e-01,0.000000000000000000e+00,0.000000000000000000e+00,9.966656860030833620e-01,2.543278222965147809e-04,0.000000000000000000e+00,0.000000000000000000e+00,2.501379093614360727e+00
-4.927571050979929757e-01,0.000000000000000000e+00,0.000000000000000000e+00,9.966792230401810837e-01,7.840798935969687990e-05,0.000000000000000000e+00,0.000000000000000000e+00,2.501399747309462906e+00
-4.946361914662962267e-01,0.000000000000000000e+00,0.000000000000000000e+00,9.967016955884643314e-01,-1.666752840650550062e-04,0.000000000000000000e+00,0.000000000000000000e+00,2.501247133917955168e+00
-4.965145999039125013e-01,0.000000000000000000e+00,0.000000000000000000e+00,9.967095423379950248e-01,7.810172322777827352e-06,0.000000000000000000e+00,0.000000000000000000e+00,2.501226613753841033e+00
-4.983980999504762921e-01,0.000000000000000000e+00,0.000000000000000000e+00,9.967065502086922546e-01,2.190812631167087714e-04,0.000000000000000000e+00,0.000000000000000000e+00,2.501374316696901801e+00
-5.002825237663155455e-01,0.000000000000000000e+00,0.000000000000000000e+00,9.967001244547375460e-01,-1.229869015417034780e-05,0.000000000000000000e+00,0.000000000000000000e+00,2.501391795858804112e+00
-5.021616166646927226e-01,0.000000000000000000e+00,0.000000000000000000e+00,9.966833881664511896e-01,-2.812163173217404298e-04,0.000000000000000000e+00,0.000000000000000000e+00,2.501215743056185214e+00
-5.040396727062670390e-01,0.000000000000000000e+00,0.000000000000000000e+00,9.966588991345179949e-01,-6.705976865338456321e-05,0.000000000000000000e+00,0.000000000000000000e+00,2.501232509589391029e+00
-5.059233482852937280e-01,0.000000000000000000e+00,0.000000000000000000e+00,9.966483069795907257e-01,2.260283547924045737e-04,0.000000000000000000e+00,0.000000000000000000e+00,2.501402845096583949e+00
-5.078080741540281773e-01,0.000000000000000000e+00,0.000000000000000000e+00,9.966601207616887503e-01,5.776288250153549216e-05,0.000000000000000000e+00,0.000000000000000000e+00,2.501377626410540511e+00
-5.096870407132647607e-01,0.000000000000000000e+00,0.000000000000000000e+00,9.966741998743856579e-01,-2.078520606783011032e-04,0.000000000000000000e+00,0.000000000000000000e+00,2.501191571513447176e+00
-5.115650155207811522e-01,0.000000000000000000e+00,0.000000000000000000e+00,9.966741127437668268e-01,-3.592058340707651596e-05,0.000000000000000000e+00,0.000000000000000000e+00,2.501262171597371520e+00
-5.134487986411541138e-01,0.000000000000000000e+00,0.000000000000000000e+00,9.966697917019033959e-01,1.992598174990806886e-04,0.000000000000000000e+00,0.000000000000000000e+00,2.501436389477495137e+00
-5.153332909448676835e-01,0.000000000000000000e+00,0.000000000000000000e+00,9.966738844357654337e-01,9.639784433375054521e-06,0.000000000000000000e+00,0.000000000000000000e+00,2.501369312875599604e+00
-5.172115310899331186e-01,0.000000000000000000e+00,0.000000000000000000e+00,9.966819231056838202e-01,-1.717638374299450656e-04,0.000000000000000000e+00,0.000000000000000000e+00,2.501168662820902888e+00
-5.190899731224879465e-01,0.000000000000000000e+00,0.000000000000000000e+00,9.966848304779704071e-01,2.901234877398893027e-05,0.000000000000000000e+00,0.000000000000000000e+00,2.501274821872606857e+00
-5.209752169977359681e-01,0.000000000000000000e+00,0.000000000000000000e+00,9.966815173896710345e-01,1.462701142588567101e-04,0.000000000000000000e+00,0.000000000000000000e+00,2.501448231948377288e+00
-5.228584453430312751e-01,0.000000000000000000e+00,0.000000000000000000e+00,9.966773947512178600e-01,-5.966550763128939235e-05,0.000000000000000000e+00,0.000000000000000000e+00,2.501339664030913568e+00
-5.247358085065140232e-01,0.000000000000000000e+00,0.000000000000000000e+00,9.966717028219700403e-01,-2.013736946634975126e-04,0.000000000000000000e+00,0.000000000000000000e+00,2.501133986336020687e+00
-5.266160591770550070e-01,0.000000000000000000e+00,0.000000000000000000e+00,9.966644781666951225e-01,5.108433671535298837e-05,0.000000000000000000e+00,0.000000000000000000e+00,2.501290339980398070e+00
-5.285006038584849630e-01,0.000000000000000000e+00,0.000000000000000000e+00,9.966654003221969704e-01,1.931931919719548309e-04,0.000000000000000000e+00,0.000000000000000000e+00,2.501457086846781586e+00
-5.303839880462516421e-01,0.000000000000000000e+00,0.000000000000000000e+00,9.966711013525905161e-01,-1.624956447588965232e-04,0.000000000000000000e+00,0.000000000000000000e+00,2.501308000662413100e+00
-5.322603382042399023e-01,0.000000000000000000e+00,0.000000000000000000e+00,9.966788062767441003e-01,-8.246290185494346478e-05,0.000000000000000000e+00,0.000000000000000000e+00,2.501117921402742361e+00
-5.341398652774875799e-01,0.000000000000000000e+00,0.000000000000000000e+00,9.966863168719835020e-01,1.966562949738203487e-04,0.000000000000000000e+00,0.000000000000000000e+00,2.501319174942282508e+00
-5.360302087130495163e-01,0.000000000000000000e+00,0.000000000000000000e+00,9.966819168351463976e-01,-7.623904389983977706e-05,0.000000000000000000e+00,0.000000000000000000e+00,2.501448049167445564e+00
-5.379064346352935289e-01,0.000000000000000000e+00,0.000000000000000000e+00,9.966815139808344881e-01,-5.161586214590814482e-05,0.000000000000000000e+00,0.000000000000000000e+00,2.501277135641218674e+00
-5.397818200106155873e-01,0.000000000000000000e+00,0.000000000000000000e+00,9.966805651196133375e-01,-6.344463753748639677e-05,0.000000000000000000e+00,0.000000000000000000e+00,2.501100175175813067e+00
-5.416734948187758025e-01,0.000000000000000000e+00,0.000000000000000000e+00,9.966736437831965612e-01,2.166228528061252856e-05,0.000000000000000000e+00,0.000000000000000000e+00,2.501306394414491763e+00
-5.435493060416244360e-01,0.000000000000000000e+00,0.000000000000000000e+00,9.966804252403885789e-01,2.153275808787805893e-04,0.000000000000000000e+00,0.000000000000000000e+00,2.501458399604290062e+00
-5.454307620117866406e-01,0.000000000000000000e+00,0.000000000000000000e+00,9.966767781521731484e-01,-3.948691908303085898e-04,0.000000000000000000e+00,0.000000000000000000e+00,2.501244837056943560e+00
-5.473150149901377937e-01,0.000000000000000000e+00,0.000000000000000000e+00,9.966801107379990032e-01,1.018191921828065158e-04,0.000000000000000000e+00,0.000000000000000000e+00,2.501078333663137254e+00
-5.491869016588720731e-01,0.000000000000000000e+00,0.000000000000000000e+00,9.966876846866514761e-01,3.604401642562510819e-04,0.000000000000000000e+00,0.000000000000000000e+00,2.501346876377096962e+00
-5.510849465857766694e-01,0.000000000000000000e+00,0.000000000000000000e+00,9.966770867679722867e-01,-5.138037013603379303e-04,0.000000000000000000e+00,0.000000000000000000e+00,2.501442380611594629e+00
-5.529556462217369850e-01,0.000000000000000000e+00,0.000000000000000000e+00,9.966899495285859167e-01,1.524714051880948795e-04,0.000000000000000000e+00,0.000000000000000000e+00,2.501192994392772206e+00
-5.548236700138464705e-01,0.000000000000000000e+00,0.000000000000000000e+00,9.966891601248402122e-01,2.204810170498915198e-04,0.000000000000000000e+00,0.000000000000000000e+00,2.501070975331820101e+00
-5.567377702119756799e-01,0.000000000000000000e+00,0.000000000000000000e+00,9.966838300187697008e-01,-2.699641471150470112e-04,0.000000000000000000e+00,0.000000000000000000e+00,2.501342007678433177e+00
-5.585975405583217812e-01,0.000000000000000000e+00,0.000000000000000000e+00,9.966938106691274335e-01,3.297303861678815693e-05,0.000000000000000000e+00,0.000000000000000000e+00,2.501439386779919616e+00
-5.604636758139890373e-01,0.000000000000000000e+00,0.000000000000000000e+00,9.966886697004548878e-01,6.759748285312855746e-05,0.000000000000000000e+00,0.000000000000000000e+00,2.501157117145727415e+00
-5.623842341642781850e-01,0.000000000000000000e+00,0.000000000000000000e+00,9.966928004203824409e-01,8.332627155951433139e-06,0.000000000000000000e+00,0.000000000000000000e+00,2.501044320054612857e+00
-5.642433252425033130e-01,0.000000000000000000e+00,0.000000000000000000e+00,9.966902116263514078e-01,-1.626401883150189890e-04,0.000000000000000000e+00,0.000000000000000000e+00,2.501371660106509243e+00
-5.661045590081764667e-01,0.000000000000000000e+00,0.000000000000000000e+00,9.966968999838808907e-01,1.419222280368968208e-04,0.000000000000000000e+00,0.000000000000000000e+00,2.501414881197447926e+00
-5.680275370883044461e-01,0.000000000000000000e+00,0.000000000000000000e+00,9.967003459851313529e-01,-1.324793253118630425e-05,0.000000000000000000e+00,0.000000000000000000e+00,2.501086683329015514e+00
-5.698907578985109579e-01,0.000000000000000000e+00,0.000000000000000000e+00,9.966998871402883431e-01,-9.469093358404731173e-05,0.000000000000000000e+00,0.000000000000000000e+00,2.501048303629309189e+00
-5.717451672469365809e-01,0.000000000000000000e+00,0.000000000000000000e+00,9.967073433573655494e-01,8.170347396912790237e-05,0.000000000000000000e+00,0.000000000000000000e+00,2.501385166046846908e+00
-5.736720426359789293e-01,0.000000000000000000e+00,0.000000000000000000e+00,9.967052473159661030e-01,-4.468834852672156494e-05,0.000000000000000000e+00,0.000000000000000000e+00,2.501386059841711251e+00
-5.755350355141259922e-01,0.000000000000000000e+00,0.000000000000000000e+00,9.967111299111672817e-01,3.124061466601092587e-05,0.000000000000000000e+00,0.000000000000000000e+00,2.501056966395657000e+00
-5.773890393817762146e-01,0.000000000000000000e+00,0.000000000000000000e+00,9.967093481416244849e-01,-8.088613753223908081e-05,0.000000000000000000e+00,0.000000000000000000e+00,2.501032020910318288e+00
-5.793150116621941237e-01,0.000000000000000000e+00,0.000000000000000000e+00,9.967147660574549040e-01,8.412176230483691970e-05,0.000000000000000000e+00,0.000000000000000000e+00,2.501375774829039500e+00
-5.811791112632910261e-01,0.000000000000000000e+00,0.000000000000000000e+00,9.967168974561053663e-01,-6.160639180314094908e-05,0.000000000000000000e+00,0.000000000000000000e+00,2.501343020138510287e+00
-5.830331776311082903e-01,0.000000000000000000e+00,0.000000000000000000e+00,9.967224994771480828e-01,2.484992611722240932e-05,0.000000000000000000e+00,0.000000000000000000e+00,2.500987231924018506e+00
-5.849576806019429753e-01,0.000000000000000000e+00,0.000000000000000000e+00,9.967267847290215421e-01,-1.611281834662729690e-05,0.000000000000000000e+00,0.000000000000000000e+00,2.501022707068664364e+00
-5.868242133911935055e-01,0.000000000000000000e+00,0.000000000000000000e+00,9.967333600997142495e-01,1.331935619077715571e-05,0.000000000000000000e+00,0.000000000000000000e+00,2.501381005643359856e+00
-5.886755006239873245e-01,0.000000000000000000e+00,0.000000000000000000e+00,9.967504235457151918e-01,-1.140386159934315033e-05,0.000000000000000000e+00,0.000000000000000000e+00,2.501309928268605987e+00
-5.906013562563808827e-01,0.000000000000000000e+00,0.000000000000000000e+00,9.967716647206887881e-01,-3.236008907698910002e-06,0.000000000000000000e+00,0.000000000000000000e+00,2.500970419417584356e+00
-5.924688785975046335e-01,0.000000000000000000e+00,0.000000000000000000e+00,9.968068349096570469e-01,6.888000243363501739e-07,0.000000000000000000e+00,0.000000000000000000e+00,2.501014906584324571e+00
-5.943194917899111696e-01,0.000000000000000000e+00,0.000000000000000000e+00,9.968778344430113680e-01,-1.013100037541886314e-05,0.000000000000000000e+00,0.000000000000000000e+00,2.501302896063916759e+00
-5.962405349548942635e-01,0.000000000000000000e+00,0.000000000000000000e+00,9.969762973729230371e-01,1.219153356183252259e-05,0.000000000000000000e+00,0.000000000000000000e+00,2.501000348462834477e+00
-5.981148642346033606e-01,0.000000000000000000e+00,0.000000000000000000e+00,9.971022507064835061e-01,-7.674856113173972446e-06,0.000000000000000000e+00,0.000000000000000000e+00,2.500215516725990295e+00
-5.999656855417295764e-01,0.000000000000000000e+00,0.000000000000000000e+00,9.972461500900322573e-01,-2.803474572393179153e-06,0.000000000000000000e+00,0.000000000000000000e+00,2.500059251332643395e+00
-6.018749999999999378e-01,0.000000000000000000e+00,0.000000000000000000e+00,9.975837349486811334e-01,0.000000000000000000e+00,0.000000000000000000e+00,0.000000000000000000e+00,2.500000000000000000e+00
-6.037499999999998979e-01,0.000000000000000000e+00,0.000000000000000000e+00,9.981322092004176749e-01,0.000000000000000000e+00,0.000000000000000000e+00,0.000000000000000000e+00,2.500000000000000000e+00
-6.056249999999999689e-01,0.000000000000000000e+00,0.000000000000000000e+00,9.988282360161031548e-01,0.000000000000000000e+00,0.000000000000000000e+00,0.000000000000000000e+00,2.500000000000000000e+00
-6.074999999999999289e-01,0.000000000000000000e+00,0.000000000000000000e+00,9.994823311064497950e-01,0.000000000000000000e+00,0.000000000000000000e+00,0.000000000000000000e+00,2.500000000000000000e+00
-6.093750000000000000e-01,0.000000000000000000e+00,0.000000000000000000e+00,9.997609624562634467e-01,0.000000000000000000e+00,0.000000000000000000e+00,0.000000000000000000e+00,2.500000000000000000e+00
-6.112499999999999600e-01,0.000000000000000000e+00,0.000000000000000000e+00,9.955590741291158174e-01,0.000000000000000000e+00,0.000000000000000000e+00,0.000000000000000000e+00,2.500000000000000000e+00
-6.131250000000000311e-01,0.000000000000000000e+00,0.000000000000000000e+00,9.735997517903569598e-01,0.000000000000000000e+00,0.000000000000000000e+00,0.000000000000000000e+00,2.500000000000000000e+00
-6.149999999999999911e-01,0.000000000000000000e+00,0.000000000000000000e+00,9.111785888671835032e-01,0.000000000000000000e+00,0.000000000000000000e+00,0.000000000000000000e+00,2.500000000000000000e+00
-6.168750000000000622e-01,0.000000000000000000e+00,0.000000000000000000e+00,7.867685953775975793e-01,0.000000000000000000e+00,0.000000000000000000e+00,0.000000000000000000e+00,2.500000000000000000e+00
-6.187500000000000222e-01,0.000000000000000000e+00,0.000000000000000000e+00,6.041844685872386211e-01,0.000000000000000000e+00,0.000000000000000000e+00,0.000000000000000000e+00,2.500000000000000000e+00
1.424887428653075494e-01,0.000000000000000000e+00,0.000000000000000000e+00,4.847439281279879442e-01,6.603907585379894529e-01,0.000000000000000000e+00,0.000000000000000000e+00,2.784927937577925228e+00
1.543614158041304862e-01,0.000000000000000000e+00,0.000000000000000000e+00,4.772041721148562177e-01,6.598701129256754339e-01,0.000000000000000000e+00,0.000000000000000000e+00,2.918552688687495511e+00
1.500410154656397488e-01,0.000000000000000000e+00,0.000000000000000000e+00,4.872491067214693161e-01,6.691880650426061949e-01,0.000000000000000000e+00,0.000000000000000000e+00,2.803002342139575997e+00
1.621882304435316446e-01,0.000000000000000000e+00,0.000000000000000000e+00,4.682163173484034102e-01,5.831958823827073646e-01,0.000000000000000000e+00,0.000000000000000000e+00,3.088467187603211261e+00
1.575175869076482771e-01,0.000000000000000000e+00,0.000000000000000000e+00,4.688912739567793198e-01,5.966729870696111382e-01,0.000000000000000000e+00,0.000000000000000000e+00,3.031024635673895684e+00
1.704823635423937944e-01,0.000000000000000000e+00,0.000000000000000000e+00,4.173624337542392038e-01,6.975594517597526467e-01,0.000000000000000000e+00,0.000000000000000000e+00,3.288607474617281312e+00
1.657511351779394626e-01,0.000000000000000000e+00,0.000000000000000000e+00,4.545199572551340550e-01,6.846357422941798943e-01,0.000000000000000000e+00,0.000000000000000000e+00,3.212575051945844251e+00
1.803773174247668698e-01,0.000000000000000000e+00,0.000000000000000000e+00,3.676871443796321248e-01,7.694758496381992607e-01,0.000000000000000000e+00,0.000000000000000000e+00,3.424786275804101887e+00
1.755630253462804879e-01,0.000000000000000000e+00,0.000000000000000000e+00,3.999481578816494465e-01,7.525151812695426434e-01,0.000000000000000000e+00,0.000000000000000000e+00,3.271801452933937426e+00
1.904323202102403412e-01,0.000000000000000000e+00,0.000000000000000000e+00,3.879698378800622294e-01,7.490340285467734782e-01,0.000000000000000000e+00,0.000000000000000000e+00,3.571250818141073147e+00
1.852822960128638896e-01,0.000000000000000000e+00,0.000000000000000000e+00,3.777746961542488568e-01,6.140351817174597437e-01,0.000000000000000000e+00,0.000000000000000000e+00,3.324158537376099343e+00
1.953493759058389234e-01,0.000000000000000000e+00,0.000000000000000000e+00,3.717716218489920399e-01,8.611737865082966792e-01,0.000000000000000000e+00,0.000000000000000000e+00,3.455863284366332167e+00
2.066044155146850025e-01,0.000000000000000000e+00,0.000000000000000000e+00,3.270503292914891946e-01,7.762682428041516314e-01,0.000000000000000000e+00,0.000000000000000000e+00,4.081010270281022478e+00
2.010504497016512016e-01,0.000000000000000000e+00,0.000000000000000000e+00,3.457527387657926554e-01,8.025611093025594167e-01,0.000000000000000000e+00,0.000000000000000000e+00,3.342629027161082789e+00
2.119474298254253875e-01,0.000000000000000000e+00,0.000000000000000000e+00,3.583121488641040631e-01,7.352034053136606850e-01,0.000000000000000000e+00,0.000000000000000000e+00,3.413570537112498027e+00
2.169791414400435436e-01,0.000000000000000000e+00,0.000000000000000000e+00,3.694184982114975258e-01,7.346350730755502045e-01,0.000000000000000000e+00,0.000000000000000000e+00,3.523497184379727365e+00
2.317580867479393236e-01,0.000000000000000000e+00,0.000000000000000000e+00,4.553625330425983830e-01,6.307845456804141993e-01,0.000000000000000000e+00,0.000000000000000000e+00,3.444163420793937558e+00
2.265729648216630032e-01,0.000000000000000000e+00,0.000000000000000000e+00,3.900277748379658016e-01,7.166000140042202426e-01,0.000000000000000000e+00,0.000000000000000000e+00,3.387900742529292408e+00
2.220428918097451798e-01,0.000000000000000000e+00,0.000000000000000000e+00,3.717437363031825259e-01,7.087187543644568599e-01,0.000000000000000000e+00,0.000000000000000000e+00,3.951898783458924314e+00
2.408048303743281493e-01,0.000000000000000000e+00,0.000000000000000000e+00,4.563581191592177566e-01,6.999732346502758329e-01,0.000000000000000000e+00,0.000000000000000000e+00,3.519684818026020512e+00
2.537961994271124011e-01,0.000000000000000000e+00,0.000000000000000000e+00,4.358855399439982570e-01,9.435728392874244141e-01,0.000000000000000000e+00,0.000000000000000000e+00,3.376504902130575747e+00
2.497605240969821006e-01,0.000000000000000000e+00,0.000000000000000000e+00,4.101984500814449541e-01,5.765339278845991178e-01,0.000000000000000000e+00,0.000000000000000000e+00,3.254585619793602280e+00
2.352011665993898604e-01,0.000000000000000000e+00,0.000000000000000000e+00,4.525277500565536570e-01,9.376244460394222990e-01,0.000000000000000000e+00,0.000000000000000000e+00,3.203313524565779336e+00
2.440635763332598129e-01,0.000000000000000000e+00,0.000000000000000000e+00,4.403550186339622030e-01,1.200961448418353283e+00,0.000000000000000000e+00,0.000000000000000000e+00,3.040908589840907617e+00
2.675430705810423193e-01,0.000000000000000000e+00,0.000000000000000000e+00,5.252511118914575672e-01,8.734117099964018305e-01,0.000000000000000000e+00,0.000000000000000000e+00,3.281069611048095691e+00
2.603780483060941231e-01,0.000000000000000000e+00,0.000000000000000000e+00,4.943944810022143921e-01,1.042617030620277330e+00,0.000000000000000000e+00,0.000000000000000000e+00,3.174989258428570160e+00
2.756835503229886353e-01,0.000000000000000000e+00,0.000000000000000000e+00,5.236778769198194849e-01,1.088950758185206480e+00,0.000000000000000000e+00,0.000000000000000000e+00,3.112456297051118259e+00
2.728506609382487236e-01,0.000000000000000000e+00,0.000000000000000000e+00,5.272874854294201663e-01,6.682153092232629987e-01,0.000000000000000000e+00,0.000000000000000000e+00,3.031043153500785792e+00
2.595523552494896080e-01,0.000000000000000000e+00,0.000000000000000000e+00,5.027105534936653353e-01,6.648562587872205443e-01,0.000000000000000000e+00,0.000000000000000000e+00,3.100840102068913584e+00
2.665808064309345693e-01,0.000000000000000000e+00,0.000000000000000000e+00,5.242683375061556461e-01,7.333254713612802345e-01,0.000000000000000000e+00,0.000000000000000000e+00,2.844752450761434126e+00
2.847577023057020207e-01,0.000000000000000000e+00,0.000000000000000000e+00,4.466012830792939203e-01,9.611974227722711595e-01,0.000000000000000000e+00,0.000000000000000000e+00,3.033295519396195683e+00
2.867472820254220456e-01,0.000000000000000000e+00,0.000000000000000000e+00,4.618787858306825367e-01,5.522856743523766321e-01,0.000000000000000000e+00,0.000000000000000000e+00,2.946809633359689151e+00
2.793213209632173233e-01,0.000000000000000000e+00,0.000000000000000000e+00,4.584436584903629486e-01,7.934599412744310909e-01,0.000000000000000000e+00,0.000000000000000000e+00,2.885730137802156925e+00
2.925936011357357369e-01,0.000000000000000000e+00,0.000000000000000000e+00,5.267543144704471825e-01,7.554743544809714439e-01,0.000000000000000000e+00,0.000000000000000000e+00,3.028420093120008705e+00
3.259850194132088430e-01,0.000000000000000000e+00,0.000000000000000000e+00,5.388317592999964933e-01,2.511854043158172178e+00,0.000000000000000000e+00,0.000000000000000000e+00,2.891038294185067858e+00
2.952795912620328478e-01,0.000000000000000000e+00,0.000000000000000000e+00,5.317267391547512156e-01,9.336175498437760956e-01,0.000000000000000000e+00,0.000000000000000000e+00,2.826349225888914241e+00
3.018508779793483976e-01,0.000000000000000000e+00,0.000000000000000000e+00,5.605287794949090907e-01,1.124322873154410152e+00,0.000000000000000000e+00,0.000000000000000000e+00,2.767768180899609742e+00
3.009065650071807707e-01,0.000000000000000000e+00,0.000000000000000000e+00,5.657676111722731438e-01,6.155754475403761861e-01,0.000000000000000000e+00,0.000000000000000000e+00,2.815302772808361720e+00
3.068317224209669014e-01,0.000000000000000000e+00,0.000000000000000000e+00,5.021379385216715452e-01,1.146723377592155035e+00,0.000000000000000000e+00,0.000000000000000000e+00,2.760061283980597580e+00
3.093535772155493468e-01,0.000000000000000000e+00,0.000000000000000000e+00,4.689163788840123304e-01,7.303233953881902440e-01,0.000000000000000000e+00,0.000000000000000000e+00,2.834445449502816849e+00
3.130407326990209405e-01,0.000000000000000000e+00,0.000000000000000000e+00,5.290858794537146581e-01,8.880709728362985445e-01,0.000000000000000000e+00,0.000000000000000000e+00,2.555069664186827794e+00
3.171797542798896474e-01,0.000000000000000000e+00,0.000000000000000000e+00,4.741770014102034136e-01,2.704911733422722953e-01,0.000000000000000000e+00,0.000000000000000000e+00,2.463081753552744946e+00
3.241590535372916304e-01,0.000000000000000000e+00,0.000000000000000000e+00,2.693520979008842686e-01,4.917987201255836771e-01,0.000000000000000000e+00,0.000000000000000000e+00,2.477254195351794142e+00
3.299971102407912582e-01,0.000000000000000000e+00,0.000000000000000000e+00,2.514560580189041383e-01,1.674968216931992659e-01,0.000000000000000000e+00,0.000000000000000000e+00,2.059808078977662049e+00
3.374965778940930972e-01,0.000000000000000000e+00,0.000000000000000000e+00,2.523381500810828459e-01,-1.526554609093571865e-02,0.000000000000000000e+00,0.000000000000000000e+00,1.797886220812413560e+00
3.450009117123748470e-01,0.000000000000000000e+00,0.000000000000000000e+00,2.522810908397677965e-01,4.511092742301414638e-04,0.000000000000000000e+00,0.000000000000000000e+00,1.795098105210334305e+00
3.524999570718994613e-01,0.000000000000000000e+00,0.000000000000000000e+00,2.522782833943567060e-01,1.217076276313141137e-05,0.000000000000000000e+00,0.000000000000000000e+00,1.795040084581589479e+00
3.600000011183958626e-01,0.000000000000000000e+00,0.000000000000000000e+00,2.522786715048895845e-01,-2.374785851084008446e-06,0.000000000000000000e+00,0.000000000000000000e+00,1.795000073696803700e+00
3.675000004392341979e-01,0.000000000000000000e+00,0.000000000000000000e+00,2.522786495082989799e-01,3.308373633714722610e-07,0.000000000000000000e+00,0.000000000000000000e+00,1.795000085877887619e+00
3.749999999814731533e-01,0.000000000000000000e+00,0.000000000000000000e+00,2.522786455846233733e-01,4.748896683300548775e-09,0.000000000000000000e+00,0.000000000000000000e+00,1.795000019141036018e+00
3.824999999987685473e-01,0.000000000000000000e+00,0.000000000000000000e+00,2.522786458275735888e-01,-1.986153452075237830e-09,0.000000000000000000e+00,0.000000000000000000e+00,1.795000000028615039e+00
3.900000000004420486e-01,0.000000000000000000e+00,0.000000000000000000e+00,2.522786458383941555e-01,1.565260395371599963e-10,0.000000000000000000e+00,0.000000000000000000e+00,1.795000000030810838e+00
3.975000000000101230e-01,0.000000000000000000e+00,0.000000000000000000e+00,2.522786458333632353e-01,2.299499849793088808e-11,0.000000000000000000e+00,0.000000000000000000e+00,1.795000000018927011e+00
4.049999999999966960e-01,0.000000000000000000e+00,0.000000000000000000e+00,2.522786458332989534e-01,-1.590561756377913550e-12,0.000000000000000000e+00,0.000000000000000000e+00,1.795000000000755325e+00
4.124999999999999778e-01,0.000000000000000000e+00,0.000000000000000000e+00,2.522786458333371451e-01,-1.040826684099253681e-13,0.000000000000000000e+00,0.000000000000000000e+00,1.795000000000060547e+00
4.199999999999998179e-01,0.000000000000000000e+00,0.000000000000000000e+00,2.522786458333363679e-01,3.834562297318673885e-14,0.000000000000000000e+00,0.000000000000000000e+00,1.795000000000050555e+00
4.274999999999997691e-01,0.000000000000000000e+00,0.000000000000000000e+00,2.522786458333323156e-01,1.865174681370263619e-14,0.000000000000000000e+00,0.000000000000000000e+00,1.795000000000045226e+00
4.349999999999998312e-01,0.000000000000000000e+00,0.000000000000000000e+00,2.522786458333314830e-01,-7.283063041541018385e-15,0.000000000000000000e+00,0.000000000000000000e+00,1.795000000000040785e+00
4.424999999999997824e-01,0.000000000000000000e+00,0.000000000000000000e+00,2.522786458333347581e-01,-2.494005002517951185e-14,0.000000000000000000e+00,0.000000000000000000e+00,1.795000000000048779e+00
4.499999999999996780e-01,0.000000000000000000e+00,0.000000000000000000e+00,2.522786458333355353e-01,-6.631732200427533998e-16,0.000000000000000000e+00,0.000000000000000000e+00,1.795000000000055218e+00
4.574999999999996292e-01,0.000000000000000000e+00,0.000000000000000000e+00,2.522786458333339255e-01,3.552713678800551416e-16,0.000000000000000000e+00,0.000000000000000000e+00,1.795000000000056994e+00
4.649999999999997469e-01,0.000000000000000000e+00,0.000000000000000000e+00,2.522786458333330928e-01,-3.114545658415113051e-15,0.000000000000000000e+00,0.000000000000000000e+00,1.795000000000059659e+00
4.724999999999996980e-01,0.000000000000000000e+00,0.000000000000000000e+00,2.522786458333323156e-01,8.810729923425234353e-15,0.000000000000000000e+00,0.000000000000000000e+00,1.795000000000056328e+00
4.799999999999997602e-01,0.000000000000000000e+00,0.000000000000000000e+00,2.522786458333323156e-01,-6.667259337215613192e-15,0.000000000000000000e+00,0.000000000000000000e+00,1.795000000000058549e+00
4.874999999999998224e-01,0.000000000000000000e+00,0.000000000000000000e+00,2.522786458333323156e-01,1.108446667785755381e-14,0.000000000000000000e+00,0.000000000000000000e+00,1.795000000000055884e+00
4.949999999999998290e-01,0.000000000000000000e+00,0.000000000000000000e+00,2.522786458333323156e-01,-8.052817671947814518e-16,0.000000000000000000e+00,0.000000000000000000e+00,1.795000000000059437e+00
5.024999999999998357e-01,0.000000000000000000e+00,0.000000000000000000e+00,2.522786458333339255e-01,-1.101341240428155477e-14,0.000000000000000000e+00,0.000000000000000000e+00,1.795000000000084306e+00
5.099999999999996758e-01,0.000000000000000000e+00,0.000000000000000000e+00,2.522786458333330928e-01,-4.772478708522020217e-15,0.000000000000000000e+00,0.000000000000000000e+00,1.795000000000060769e+00
5.174999999999997380e-01,0.000000000000000000e+00,0.000000000000000000e+00,2.522786458333330928e-01,-1.612932010175428381e-14,0.000000000000000000e+00,0.000000000000000000e+00,1.795000000000078977e+00
5.249999999999999112e-01,0.000000000000000000e+00,0.000000000000000000e+00,2.522786458333314830e-01,2.405187160547938031e-14,0.000000000000000000e+00,0.000000000000000000e+00,1.795000000000072315e+00
5.324999999999999734e-01,0.000000000000000000e+00,0.000000000000000000e+00,2.522786458333314830e-01,-1.408058854697932830e-14,0.000000000000000000e+00,0.000000000000000000e+00,1.795000000000067875e+00
5.399999999999998135e-01,0.000000000000000000e+00,0.000000000000000000e+00,2.522786458333330928e-01,-5.708026643939480244e-15,0.000000000000000000e+00,0.000000000000000000e+00,1.795000000000050333e+00
5.474999999999998757e-01,0.000000000000000000e+00,0.000000000000000000e+00,2.522786458333330928e-01,-1.167658562432430817e-14,0.000000000000000000e+00,0.000000000000000000e+00,1.795000000000102736e+00
5.550000000000000488e-01,0.000000000000000000e+00,0.000000000000000000e+00,2.522786458333330928e-01,1.733724275254643153e-14,0.000000000000000000e+00,0.000000000000000000e+00,1.795000000000085860e+00
5.625000000000000000e-01,0.000000000000000000e+00,0.000000000000000000e+00,2.522786458333298176e-01,2.345975265901262910e-14,0.000000000000000000e+00,0.000000000000000000e+00,1.795000000000101181e+00
5.700000000000001732e-01,0.000000000000000000e+00,0.000000000000000000e+00,2.522786458333298176e-01,-2.277289468111121146e-14,0.000000000000000000e+00,0.000000000000000000e+00,1.795000000000067208e+00
5.775000000000001243e-01,0.000000000000000000e+00,0.000000000000000000e+00,2.522786458333330928e-01,-1.628327102783563136e-14,0.000000000000000000e+00,0.000000000000000000e+00,1.795000000000082307e+00
5.850000000000001865e-01,0.000000000000000000e+00,0.000000000000000000e+00,2.522786458333347581e-01,-3.789561257387209616e-15,0.000000000000000000e+00,0.000000000000000000e+00,1.795000000000071205e+00
5.925000000000000266e-01,0.000000000000000000e+00,0.000000000000000000e+00,2.522786458333347581e-01,-1.681617807965568252e-15,0.000000000000000000e+00,0.000000000000000000e+00,1.795000000000058549e+00
6.000000000000000888e-01,0.000000000000000000e+00,0.000000000000000000e+00,2.522786458333363679e-01,6.477781274346251133e-15,0.000000000000000000e+00,0.000000000000000000e+00,1.795000000000008367e+00
6.074999999999999289e-01,0.000000000000000000e+00,0.000000000000000000e+00,2.522786458333363679e-01,0.000000000000000000e+00,0.000000000000000000e+00,0.000000000000000000e+00,1.794999999999999929e+00
6.149999999999998801e-01,0.000000000000000000e+00,0.000000000000000000e+00,2.522786458333330928e-01,0.000000000000000000e+00,0.000000000000000000e+00,0.000000000000000000e+00,1.794999999999999929e+00
6.224999999999999423e-01,0.000000000000000000e+00,0.000000000000000000e+00,2.522786458333330928e-01,0.000000000000000000e+00,0.000000000000000000e+00,0.000000000000000000e+00,1.794999999999999929e+00
6.299999999999998934e-01,0.000000000000000000e+00,0.000000000000000000e+00,2.522786458333330928e-01,0.000000000000000000e+00,0.000000000000000000e+00,0.000000000000000000e+00,1.794999999999999929e+00
6.374999999999999556e-01,0.000000000000000000e+00,0.000000000000000000e+00,2.522786458333330928e-01,0.000000000000000000e+00,0.000000000000000000e+00,0.000000000000000000e+00,1.794999999999999929e+00
6.449999999999999067e-01,0.000000000000000000e+00,0.000000000000000000e+00,2.522786458333330928e-01,0.000000000000000000e+00,0.000000000000000000e+00,0.000000000000000000e+00,1.794999999999999929e+00
6.524999999999999689e-01,0.000000000000000000e+00,0.000000000000000000e+00,2.522786458333330928e-01,0.000000000000000000e+00,0.000000000000000000e+00,0.000000000000000000e+00,1.794999999999999929e+00
6.599999999999999201e-01,0.000000000000000000e+00,0.000000000000000000e+00,2.522786458333330928e-01,0.000000000000000000e+00,0.000000000000000000e+00,0.000000000000000000e+00,1.794999999999999929e+00
6.674999999999999822e-01,0.000000000000000000e+00,0.000000000000000000e+00,2.522786458333330928e-01,0.000000000000000000e+00,0.000000000000000000e+00,0.000000000000000000e+00,1.794999999999999929e+00
6.749999999999999334e-01,0.000000000000000000e+00,0.000000000000000000e+00,2.303059895833340365e-01,0.000000000000000000e+00,0.000000000000000000e+00,0.000000000000000000e+00,1.794999999999999929e+00
